Modified Sequence,Protein,Replicate,Precursor Mz,Precursor Charge,Product Mz,Product Charge,Fragment Ion,Retention Time,Area,Max Height,Peak Rank
ALDGGNKHFL[+7],peptides1,042222_iso20_1H_pep_250fmol,360.196628,3,360.196628,3,precursor,46.53,11292414976,487763968,1
ALDGGNKHFL[+7],peptides1,042222_iso20_1H_pep_250fmol,360.196628,3,779.427213,1,y7,46.6,40357512,487763968,7
ALDGGNKHFL[+7],peptides1,042222_iso20_1H_pep_250fmol,360.196628,3,423.246395,1,y3,46.6,77524624,487763968,4
ALDGGNKHFL[+7],peptides1,042222_iso20_1H_pep_250fmol,360.196628,3,286.187483,1,y2,46.53,96302064,487763968,3
ALDGGNKHFL[+7],peptides1,042222_iso20_1H_pep_250fmol,360.196628,3,447.730716,2,y8,46.58,72808416,487763968,5
ALDGGNKHFL[+7],peptides1,042222_iso20_1H_pep_250fmol,360.196628,3,390.217244,2,y7,46.6,100855296,487763968,2
ALDGGNKHFL[+7],peptides1,042222_iso20_1H_pep_250fmol,360.196628,3,185.128454,1,b2,46.58,51994756,487763968,6
ALFDGDPHL[+7],peptides1,042222_iso20_1H_pep_250fmol,496.251481,2,496.251481,2,precursor,71.7,6999039488,240547120,1
ALFDGDPHL[+7],peptides1,042222_iso20_1H_pep_250fmol,496.251481,2,807.374508,1,y7,71.76,185446560,240547120,5
ALFDGDPHL[+7],peptides1,042222_iso20_1H_pep_250fmol,496.251481,2,660.306094,1,y6,71.77,160527440,240547120,6
ALFDGDPHL[+7],peptides1,042222_iso20_1H_pep_250fmol,496.251481,2,545.279151,1,y5,71.77,88733752,240547120,7
ALFDGDPHL[+7],peptides1,042222_iso20_1H_pep_250fmol,496.251481,2,373.230744,1,y3,71.77,736521664,240547120,2
ALFDGDPHL[+7],peptides1,042222_iso20_1H_pep_250fmol,496.251481,2,276.177981,1,y2,71.72,266467200,240547120,3
ALFDGDPHL[+7],peptides1,042222_iso20_1H_pep_250fmol,496.251481,2,185.128454,1,b2,71.77,210006368,240547120,4
AMLGTHTMEV[+6],peptides1,042222_iso20_1H_pep_250fmol,548.263906,2,548.263906,2,precursor,59.28,13195659264,624935232,1
AMLGTHTMEV[+6],peptides1,042222_iso20_1H_pep_250fmol,548.263906,2,893.442938,1,y8,59.26,172262976,624935232,3
AMLGTHTMEV[+6],peptides1,042222_iso20_1H_pep_250fmol,548.263906,2,780.358874,1,y7,59.26,123445664,624935232,4
AMLGTHTMEV[+6],peptides1,042222_iso20_1H_pep_250fmol,548.263906,2,622.289732,1,y5,59.26,87695720,624935232,5
AMLGTHTMEV[+6],peptides1,042222_iso20_1H_pep_250fmol,548.263906,2,203.084874,1,b2,59.26,436624736,624935232,2
AMLGTHTMEV[+6],peptides1,042222_iso20_1H_pep_250fmol,548.263906,2,712.344671,1,b7,59.31,54026752,624935232,6
AMLGTHTMEV[+6],peptides1,042222_iso20_1H_pep_250fmol,548.263906,2,972.427749,1,b9,59.37,38943028,624935232,7
GLFDQHFRL[+7],peptides1,042222_iso20_1H_pep_250fmol,380.540507,3,380.540507,3,precursor,81.55,12926393,713174,1
GLFDQHFRL[+7],peptides1,042222_iso20_1H_pep_250fmol,380.540507,3,822.433026,1,y6,81.58,765896,713174,5
GLFDQHFRL[+7],peptides1,042222_iso20_1H_pep_250fmol,380.540507,3,707.406083,1,y5,81.6,809027,713174,4
GLFDQHFRL[+7],peptides1,042222_iso20_1H_pep_250fmol,380.540507,3,579.347506,1,y4,81.51,1515309,713174,2
GLFDQHFRL[+7],peptides1,042222_iso20_1H_pep_250fmol,380.540507,3,442.288594,1,y3,81.58,1375849,713174,3
GLFDQHFRL[+7],peptides1,042222_iso20_1H_pep_250fmol,380.540507,3,411.720151,2,y6,81.6,641120,713174,7
GLFDQHFRL[+7],peptides1,042222_iso20_1H_pep_250fmol,380.540507,3,290.177391,2,y4,81.51,652661,713174,6
GQVEIVTKV[+6],peptides1,042222_iso20_1H_pep_250fmol,489.796754,2,489.796754,2,precursor,53,3472119552,156002896,1
GQVEIVTKV[+6],peptides1,042222_iso20_1H_pep_250fmol,489.796754,2,793.50619,1,y7,53.01,84493168,156002896,5
GQVEIVTKV[+6],peptides1,042222_iso20_1H_pep_250fmol,489.796754,2,694.437776,1,y6,53.01,73844288,156002896,6
GQVEIVTKV[+6],peptides1,042222_iso20_1H_pep_250fmol,489.796754,2,452.311119,1,y4,53.01,60139628,156002896,7
GQVEIVTKV[+6],peptides1,042222_iso20_1H_pep_250fmol,489.796754,2,353.242705,1,y3,53.01,99764080,156002896,3
GQVEIVTKV[+6],peptides1,042222_iso20_1H_pep_250fmol,489.796754,2,252.195027,1,y2,53.01,91366480,156002896,4
GQVEIVTKV[+6],peptides1,042222_iso20_1H_pep_250fmol,489.796754,2,186.087317,1,b2,53.01,326835008,156002896,2
GVYDGEEHSV[+6],peptides1,042222_iso20_1H_pep_250fmol,549.24254,2,549.24254,2,precursor,43.03,9387856896,622981376,1
GVYDGEEHSV[+6],peptides1,042222_iso20_1H_pep_250fmol,549.24254,2,941.387926,1,y8,43.02,92913544,622981376,5
GVYDGEEHSV[+6],peptides1,042222_iso20_1H_pep_250fmol,549.24254,2,778.324597,1,y7,43.02,130121800,622981376,2
GVYDGEEHSV[+6],peptides1,042222_iso20_1H_pep_250fmol,549.24254,2,663.297654,1,y6,43.02,116320312,622981376,3
GVYDGEEHSV[+6],peptides1,042222_iso20_1H_pep_250fmol,549.24254,2,477.233597,1,y4,43.02,25957056,622981376,6
GVYDGEEHSV[+6],peptides1,042222_iso20_1H_pep_250fmol,549.24254,2,348.191004,1,y3,43.02,93450408,622981376,4
GVYDGEEHSV[+6],peptides1,042222_iso20_1H_pep_250fmol,549.24254,2,211.132092,1,y2,43.02,5806189,622981376,7
HVDSTLLQV[+6],peptides1,042222_iso20_1H_pep_250fmol,509.284011,2,509.284011,2,precursor,61.53,7045978624,521534176,1
HVDSTLLQV[+6],peptides1,042222_iso20_1H_pep_250fmol,509.284011,2,252.158641,1,y2,61.58,27398366,521534176,7
HVDSTLLQV[+6],peptides1,042222_iso20_1H_pep_250fmol,509.284011,2,237.134602,1,b2,61.55,71061992,521534176,3
HVDSTLLQV[+6],peptides1,042222_iso20_1H_pep_250fmol,509.284011,2,352.161545,1,b3,61.6,30042166,521534176,6
HVDSTLLQV[+6],peptides1,042222_iso20_1H_pep_250fmol,509.284011,2,540.241252,1,b5,61.53,64315792,521534176,4
HVDSTLLQV[+6],peptides1,042222_iso20_1H_pep_250fmol,509.284011,2,653.325316,1,b6,61.51,187325616,521534176,2
HVDSTLLQV[+6],peptides1,042222_iso20_1H_pep_250fmol,509.284011,2,766.40938,1,b7,61.46,39320416,521534176,5
KLADQYPHL[+7],peptides1,042222_iso20_1H_pep_250fmol,364.536762,3,364.536762,3,precursor,52.9,5283728896,139002512,1
KLADQYPHL[+7],peptides1,042222_iso20_1H_pep_250fmol,364.536762,3,373.230744,1,y3,52.89,479740800,139002512,3
KLADQYPHL[+7],peptides1,042222_iso20_1H_pep_250fmol,364.536762,3,276.177981,1,y2,52.94,561673152,139002512,2
KLADQYPHL[+7],peptides1,042222_iso20_1H_pep_250fmol,364.536762,3,242.186303,1,b2,52.89,60249004,139002512,6
KLADQYPHL[+7],peptides1,042222_iso20_1H_pep_250fmol,364.536762,3,313.223417,1,b3,52.92,104571712,139002512,5
KLADQYPHL[+7],peptides1,042222_iso20_1H_pep_250fmol,364.536762,3,428.25036,1,b4,52.89,122136960,139002512,4
KLADQYPHL[+7],peptides1,042222_iso20_1H_pep_250fmol,364.536762,3,556.308937,1,b5,52.91,52244380,139002512,7
KLDVGNAEV[+6],peptides1,042222_iso20_1H_pep_250fmol,475.762911,2,475.762911,2,precursor,47.74,11941763072,927720512,1
KLDVGNAEV[+6],peptides1,042222_iso20_1H_pep_250fmol,475.762911,2,357.213246,1,b3,47.71,77852680,927720512,6
KLDVGNAEV[+6],peptides1,042222_iso20_1H_pep_250fmol,475.762911,2,456.28166,1,b4,47.71,97881024,927720512,4
KLDVGNAEV[+6],peptides1,042222_iso20_1H_pep_250fmol,475.762911,2,513.303124,1,b5,47.76,74829184,927720512,7
KLDVGNAEV[+6],peptides1,042222_iso20_1H_pep_250fmol,475.762911,2,627.346051,1,b6,47.78,207572544,927720512,3
KLDVGNAEV[+6],peptides1,042222_iso20_1H_pep_250fmol,475.762911,2,698.383165,1,b7,47.78,212772096,927720512,2
KLDVGNAEV[+6],peptides1,042222_iso20_1H_pep_250fmol,475.762911,2,827.425758,1,b8,47.76,93966032,927720512,5
KQVSDLISV[+6],peptides1,042222_iso20_1H_pep_250fmol,497.794211,2,497.794211,2,precursor,62.83,3413722368,343390496,1
KQVSDLISV[+6],peptides1,042222_iso20_1H_pep_250fmol,497.794211,2,211.132092,1,y2,62.85,144541440,343390496,2
KQVSDLISV[+6],peptides1,042222_iso20_1H_pep_250fmol,497.794211,2,257.160817,1,b2,62.85,7363776,343390496,7
KQVSDLISV[+6],peptides1,042222_iso20_1H_pep_250fmol,497.794211,2,356.229231,1,b3,62.83,11234366,343390496,6
KQVSDLISV[+6],peptides1,042222_iso20_1H_pep_250fmol,497.794211,2,558.288202,1,b5,62.94,35953200,343390496,4
KQVSDLISV[+6],peptides1,042222_iso20_1H_pep_250fmol,497.794211,2,671.372266,1,b6,62.85,91701224,343390496,3
KQVSDLISV[+6],peptides1,042222_iso20_1H_pep_250fmol,497.794211,2,784.45633,1,b7,62.85,27994726,343390496,5
RLLGTEFQV[+6],peptides1,042222_iso20_1H_pep_250fmol,534.807653,2,534.807653,2,precursor,73.37,1189538048,82733464,1
RLLGTEFQV[+6],peptides1,042222_iso20_1H_pep_250fmol,534.807653,2,252.158641,1,y2,73.27,4077001,82733464,7
RLLGTEFQV[+6],peptides1,042222_iso20_1H_pep_250fmol,534.807653,2,383.276515,1,b3,73.32,4671377,82733464,6
RLLGTEFQV[+6],peptides1,042222_iso20_1H_pep_250fmol,534.807653,2,541.345657,1,b5,73.27,10767535,82733464,5
RLLGTEFQV[+6],peptides1,042222_iso20_1H_pep_250fmol,534.807653,2,670.38825,1,b6,73.46,115192600,82733464,2
RLLGTEFQV[+6],peptides1,042222_iso20_1H_pep_250fmol,534.807653,2,817.456664,1,b7,73.34,28462798,82733464,3
RLLGTEFQV[+6],peptides1,042222_iso20_1H_pep_250fmol,534.807653,2,945.515242,1,b8,73.34,11342601,82733464,4
RTLAEIAKV[+6],peptides1,042222_iso20_1H_pep_250fmol,503.818021,2,503.818021,2,precursor,50.51,7819810304,655519296,1
RTLAEIAKV[+6],peptides1,042222_iso20_1H_pep_250fmol,503.818021,2,252.195027,1,y2,50.43,117995400,655519296,5
RTLAEIAKV[+6],peptides1,042222_iso20_1H_pep_250fmol,503.818021,2,442.277243,1,b4,50.43,41213760,655519296,6
RTLAEIAKV[+6],peptides1,042222_iso20_1H_pep_250fmol,503.818021,2,571.319837,1,b5,50.43,431634880,655519296,2
RTLAEIAKV[+6],peptides1,042222_iso20_1H_pep_250fmol,503.818021,2,684.403901,1,b6,50.43,239166624,655519296,4
RTLAEIAKV[+6],peptides1,042222_iso20_1H_pep_250fmol,503.818021,2,755.441014,1,b7,50.43,382351136,655519296,3
RTLAEIAKV[+6],peptides1,042222_iso20_1H_pep_250fmol,503.818021,2,442.271627,2,b8,50.43,32694952,655519296,7
SLADTNSLAVV[+6],peptides1,042222_iso20_1H_pep_250fmol,548.299858,2,548.299858,2,precursor,72.33,1049201024,45391012,1
SLADTNSLAVV[+6],peptides1,042222_iso20_1H_pep_250fmol,548.299858,2,223.168478,1,y2,72.3,26413578,45391012,2
SLADTNSLAVV[+6],peptides1,042222_iso20_1H_pep_250fmol,548.299858,2,201.123368,1,b2,72.28,25798704,45391012,3
SLADTNSLAVV[+6],peptides1,042222_iso20_1H_pep_250fmol,548.299858,2,272.160482,1,b3,72.37,6728580,45391012,6
SLADTNSLAVV[+6],peptides1,042222_iso20_1H_pep_250fmol,548.299858,2,387.187425,1,b4,72.38,4436812,45391012,7
SLADTNSLAVV[+6],peptides1,042222_iso20_1H_pep_250fmol,548.299858,2,602.278031,1,b6,72.26,8095388,45391012,5
SLADTNSLAVV[+6],peptides1,042222_iso20_1H_pep_250fmol,548.299858,2,689.31006,1,b7,72.3,18337538,45391012,4
SLDDYNHLV[+6],peptides1,042222_iso20_1H_pep_250fmol,541.263275,2,541.263275,2,precursor,64.96,9584337920,639264064,1
SLDDYNHLV[+6],peptides1,042222_iso20_1H_pep_250fmol,541.263275,2,881.403182,1,y7,65.02,104304040,639264064,3
SLDDYNHLV[+6],peptides1,042222_iso20_1H_pep_250fmol,541.263275,2,766.376239,1,y6,65.02,27697510,639264064,5
SLDDYNHLV[+6],peptides1,042222_iso20_1H_pep_250fmol,541.263275,2,651.349296,1,y5,64.97,19607576,639264064,7
SLDDYNHLV[+6],peptides1,042222_iso20_1H_pep_250fmol,541.263275,2,488.285967,1,y4,65.02,22526064,639264064,6
SLDDYNHLV[+6],peptides1,042222_iso20_1H_pep_250fmol,541.263275,2,374.24304,1,y3,65.02,67396712,639264064,4
SLDDYNHLV[+6],peptides1,042222_iso20_1H_pep_250fmol,541.263275,2,201.123368,1,b2,65.02,122185144,639264064,2
SLQDLIEKV[+6],peptides1,042222_iso20_1H_pep_250fmol,525.807318,2,525.807318,2,precursor,85.12,1096930304,64512808,1
SLQDLIEKV[+6],peptides1,042222_iso20_1H_pep_250fmol,525.807318,2,850.491268,1,y7,85.17,13474303,64512808,4
SLQDLIEKV[+6],peptides1,042222_iso20_1H_pep_250fmol,525.807318,2,722.432691,1,y6,85.1,10128513,64512808,6
SLQDLIEKV[+6],peptides1,042222_iso20_1H_pep_250fmol,525.807318,2,494.321684,1,y4,85.1,7637987,64512808,7
SLQDLIEKV[+6],peptides1,042222_iso20_1H_pep_250fmol,525.807318,2,381.23762,1,y3,85.1,12565233,64512808,5
SLQDLIEKV[+6],peptides1,042222_iso20_1H_pep_250fmol,525.807318,2,252.195027,1,y2,85.17,20213384,64512808,2
SLQDLIEKV[+6],peptides1,042222_iso20_1H_pep_250fmol,525.807318,2,201.123368,1,b2,85.17,17239890,64512808,3
SLYSYFQKV[+6],peptides1,042222_iso20_1H_pep_250fmol,570.802036,2,570.802036,2,precursor,80.44,424601248,21383238,1
SLYSYFQKV[+6],peptides1,042222_iso20_1H_pep_250fmol,570.802036,2,940.480704,1,y7,80.45,14529418,21383238,4
SLYSYFQKV[+6],peptides1,042222_iso20_1H_pep_250fmol,570.802036,2,777.417375,1,y6,80.43,14009961,21383238,5
SLYSYFQKV[+6],peptides1,042222_iso20_1H_pep_250fmol,570.802036,2,690.385347,1,y5,80.43,7087495,21383238,7
SLYSYFQKV[+6],peptides1,042222_iso20_1H_pep_250fmol,570.802036,2,527.322018,1,y4,80.43,8049277,21383238,6
SLYSYFQKV[+6],peptides1,042222_iso20_1H_pep_250fmol,570.802036,2,252.195027,1,y2,80.52,17071630,21383238,3
SLYSYFQKV[+6],peptides1,042222_iso20_1H_pep_250fmol,570.802036,2,201.123368,1,b2,80.52,20948876,21383238,2
TLAEIAKVEL[+7],peptides1,042222_iso20_1H_pep_250fmol,547.332471,2,547.332471,2,precursor,78.05,1342197760,66267704,1
TLAEIAKVEL[+7],peptides1,042222_iso20_1H_pep_250fmol,547.332471,2,879.525924,1,y8,77.94,21171074,66267704,6
TLAEIAKVEL[+7],peptides1,042222_iso20_1H_pep_250fmol,547.332471,2,679.446217,1,y6,78.01,15318568,66267704,7
TLAEIAKVEL[+7],peptides1,042222_iso20_1H_pep_250fmol,547.332471,2,566.362153,1,y5,77.92,25506032,66267704,3
TLAEIAKVEL[+7],peptides1,042222_iso20_1H_pep_250fmol,547.332471,2,495.325039,1,y4,77.94,25185506,66267704,4
TLAEIAKVEL[+7],peptides1,042222_iso20_1H_pep_250fmol,547.332471,2,215.139019,1,b2,77.94,99006384,66267704,2
TLAEIAKVEL[+7],peptides1,042222_iso20_1H_pep_250fmol,547.332471,2,286.176132,1,b3,77.94,22910996,66267704,5
VLHDRIVSV[+6],peptides1,042222_iso20_1H_pep_250fmol,522.315645,2,522.315645,2,precursor,47.26,2864095232,184757040,1
VLHDRIVSV[+6],peptides1,042222_iso20_1H_pep_250fmol,522.315645,2,831.471536,1,y7,47.27,131597144,184757040,3
VLHDRIVSV[+6],peptides1,042222_iso20_1H_pep_250fmol,522.315645,2,694.412624,1,y6,47.27,78482824,184757040,4
VLHDRIVSV[+6],peptides1,042222_iso20_1H_pep_250fmol,522.315645,2,472.781438,2,y8,47.31,20388290,184757040,6
VLHDRIVSV[+6],peptides1,042222_iso20_1H_pep_250fmol,522.315645,2,416.239406,2,y7,47.34,145279792,184757040,2
VLHDRIVSV[+6],peptides1,042222_iso20_1H_pep_250fmol,522.315645,2,213.159754,1,b2,47.22,12329846,184757040,7
VLHDRIVSV[+6],peptides1,042222_iso20_1H_pep_250fmol,522.315645,2,311.176998,2,b5,47.22,51380328,184757040,5
